{
  "scores": {
    "faithfulness": 0.7619383833037837,
    "answer_relevancy": 0.29468390570129716,
    "context_precision": 0.5258785228182097,
    "context_recall": 0.11496598639455782,
    "overall": 0.5098528282350003
  },
  "sample_count": 7
}