{
  "scores": {
    "faithfulness": 0.7084855972779244,
    "answer_relevancy": 0.5307923990952843,
    "context_precision": 0.5388767006706818,
    "context_recall": 0.5951190476190475,
    "overall": 0.6099192035357961
  },
  "sample_count": 8
}