{
  "scores": {
    "faithfulness": 0.7210873636253546,
    "answer_relevancy": 0.4489918937111308,
    "context_precision": 0.5375419501038878,
    "context_recall": 0.6223636363636363,
    "overall": 0.5928772672206224
  },
  "sample_count": 5
}